<?xml version="1.0" encoding="UTF-8"?>
<!DOCTYPE hibernate-mapping PUBLIC "-//Hibernate/Hibernate Mapping DTD 3.0//EN" "http://hibernate.sourceforge.net/hibernate-mapping-3.0.dtd">
<hibernate-mapping>
  <class lazy="false" name="bdsm.scheduler.model.AmtHldDetails" table="ext_chholdmnt_detailrecbdsm">
    <composite-id class="bdsm.scheduler.model.AmtHldKey" name="compositeId">
      <key-property column="FILEID" name="fileid" type="string"/>
      <key-property column="RECORDID" name="recId" type="integer"/>
    </composite-id>
    <property column="RECTYPE" name="rectype" type="integer"/>
    <property column="DATTXN" name="dattxn" type="string"/>
    <property column="CODACCTNO" name="codacctno" type="string"/>
    <property column="CODCCBRN" name="codccbrn" type="integer"/>
    <property column="AMTHOLD" name="amthold" type="string"/>
    <property column="HOLDDESC" name="holddesc" type="string"/>
    <property column="EARMARKTYPE" name="earmarktype" type="integer"/>
    <property column="EARMARKREASON" name="earmarkreason" type="integer"/>
    <property column="DATEXPIRE" name="datexpire" type="string"/>
    <property column="RECORDTYPE" name="recordtype" type="string"/>
    <property column="RECORDNAME" name="recordname" type="string"/>
    <property column="DATA" name="data" type="string"/>
    <property column="LENGTH" name="length" type="integer"/>
    <property column="COMMENTS" name="comments" type="string"/>
    <property column="RECORDSTATUS" name="recordstatus" type="string"/>
    <property column="PARENTRECID" name="parentrecid" type="integer"/>
	
  </class>
</hibernate-mapping>
