<?xml version="1.0" encoding="UTF-8"?>
<!DOCTYPE hibernate-mapping PUBLIC "-//Hibernate/Hibernate Mapping DTD 3.0//EN" "classpath://org/hibernate/hibernate-mapping-3.0.dtd">
<hibernate-mapping>
  <class lazy="false" name="bdsm.scheduler.model.CiChUfCIFDetails" table="TMP_DDFCIF_DETAILS">
    <id column="ID" name="record_id" type="integer">
      <generator class="increment"/>
    </id>
    <property column="RECORD_ID"                name="record_id_details"        type="integer"/>
    <property column="COD_CUST_ID"              name="cod_cust"                 type="integer"/>
    <property column="AGAMA"                    name="agama"                    type="string"/>
    <property column="REC_TYPE"                 name="rec_type"                 type="string"/>
    <property column="TXN_VALUE"                name="txn_Value"                type="string"/>
    <property column="SUMBER_DANA_LAIN"         name="sumber_Dana_Lain"         type="string"/>
    <property column="FAX_NO"                   name="fax_No"                   type="string"/>
    <property column="NAMA_SPOUSE_ORTU"         name="nama_Spouse_Ortu"         type="string"/>
    <property column="PEKERJAAN_SPOUSE_ORTU"    name="pekerjaan_Spouse_Ortu"    type="string"/>
    <property column="KANTOR_SPOUSE_ORTU"       name="kantor_Spouse_Ortu"       type="string"/>
    <property column="RESPCODE"                 name="respcode"                 type="integer"/>
    <property column="COMMENT_RESP"             name="comment_resp"             type="string"/>
    <property column="STATUS"                   name="status"                   type="string"/>
    <property column="DTMREQUEST"               name="dtmRequest"               type="timestamp"/>
    <property column="DTMPROCESS"               name="dtmProcess"               type="timestamp"/>
    <property column="DTMFINISH"                name="dtmFinish"                type="timestamp"/>
    <property column="CREATED_BY"               name="createdBy"                type="string"/>
    <property column="UPDATED_BY"               name="updatedBy"                type="string"/>
    <property column="ID_BATCH"                 name="id_Batch"                 type="string"/>
    <property column="JABATAN_SPOUSE_ORTU"      name="jabatan_Spouse_Ortu"      type="string"/>
    <property column="HOME_NO_PHONE"            name="home_No_Phone"            type="string"/>
    <property column="HOME_NO_AREA"             name="home_No_Area"             type="string"/>
    <property column="HOME_NO_COUNTRY"          name="home_No_Country"          type="string"/>
    <property column="OFFICE_NO_PHONE"          name="office_No_Phone"          type="string"/>
    <property column="OFFICE_NO_AREA"           name="office_No_Area"           type="string"/>
    <property column="OFFICE_NO_COUNTRY"        name="office_No_Country"        type="string"/>
    <property column="EXT_OFFICE_NO"            name="ext_Office_No"            type="string"/>
    <property column="NAMA_GADIS_IBU_KANDUNG"   name="nama_ibu_kandung"         type="string"/>
    <property column="NAMA_ALIAS"               name="nama_alias"               type="string"/>
    <property column="E_STATEMENT_EMAIL"        name="e_Statement_Email"        type="string"/>
    <property column="E_STATEMENT_BRANCH"       name="e_Statement_Branch"       type="string"/>
    <property column="DATA"       name="data"       type="string"/>
  </class>
</hibernate-mapping>
