<?xml version="1.0" encoding="UTF-8"?>
<!DOCTYPE hibernate-mapping PUBLIC 
"-//Hibernate/Hibernate Mapping DTD 3.0//EN" 
"classpath://org/hibernate/hibernate-mapping-3.0.dtd" >

<hibernate-mapping>
    <class name="bdsm.scheduler.model.FixEmailAccess" table="FIXEMAILACCESS" lazy="false">
        <composite-id name="fixEmailAccessPK" class="bdsm.scheduler.model.FixEmailAccessPK">
            <key-property name="idScheduler"   column="idScheduler"   type="integer"/>
            <key-property name="sender"   column="sender"   type="string"/>
        </composite-id>
      <property name="grpId"  column="grpId"  type="string"/>
      <property name="cdAccess"    column="cdAccess"    type="string"  />
    </class>
</hibernate-mapping>