<?xml version="1.0" encoding="UTF-8"?>
<!DOCTYPE hibernate-mapping PUBLIC "-//Hibernate/Hibernate Mapping DTD 3.0//EN" "classpath://org/hibernate/hibernate-mapping-3.0.dtd">
<hibernate-mapping>
  <class lazy="false" name="bdsm.scheduler.model.FixPatternTable" table="FIXPATTERNTABLE">
    <id column="ID_SCHEDULER" name="idScheduler" type="integer"/>
    <property column="TABLE_CODE" name="table_Code" type="string"/>
    <property column="TABLE_NAME" name="table_Name" type="string"/>
    <property column="TABLE_TYPE" name="table_type" type="string"/>
    <property column="PROPERTIES" name="properties" type="string"/>
    <property column="DTM_CREATE" name="dtm_Create" type="timestamp"/>
    <property column="DELIMITER" name="delimiter" type="string"/>
  </class>
</hibernate-mapping>
