<?xml version="1.0" encoding="UTF-8"?>
<!DOCTYPE hibernate-mapping PUBLIC "-//Hibernate/Hibernate Mapping DTD 3.0//EN" "classpath://org/hibernate/hibernate-mapping-3.0.dtd">
<hibernate-mapping>
  <class lazy="false" name="bdsm.scheduler.model.FixSchedulerXtract" table="FIXSCHEDULERXTRACT">
    <composite-id class="bdsm.scheduler.model.FixSchedulerPK" name="fixSchedulerPK">
      <key-property column="idTemplate" name="idTemplate" type="integer"/>
      <key-property column="idScheduler" name="idScheduler" type="integer"/>
      <key-property column="namScheduler" name="namScheduler" type="string"/>
    </composite-id>
    <property column="flgStatus" name="flgStatus" type="string"/>
    <property column="dtEffStart" name="dtEffStart" type="timestamp"/>
    <property column="dtEffEnd" name="dtEffEnd" type="timestamp"/>
    <property column="typScheduler" name="typScheduler" type="string"/>
    <property column="min" name="minute" type="string"/>
    <property column="hour" name="hour" type="string"/>
    <property column="monthDay" name="monthDay" type="string"/>
    <property column="month" name="month" type="string"/>
    <property column="weekDay" name="weekDay" type="string"/>
    <property column="typDest" name="typDest" type="string"/>
    <property column="fileFormat" name="fileFormat" type="string"/>
    <property column="filePattern" name="filePattern" type="string"/>
    <property column="flgEncrypt" name="flgEncrypt" type="string"/>
    <property column="modEncrypt" name="modEncrypt" type="string"/>
    <property column="keyEncrypt" name="keyEncrypt" type="string"/>
    <property column="sftpIP" name="sftpIP" type="string"/>
    <property column="sftpPort" name="sftpPort" type="string"/>
    <property column="sftpDestPath" name="sftpDestPath" type="string"/>
    <property column="sftpUserId" name="sftpUserId" type="string"/>
    <property column="sftpPass" name="sftpPass" type="string"/>
    <property column="sftpKeyPath" name="sftpKeyPath" type="string"/>
    <property column="emailTo" name="emailTo" type="string"/>
    <property column="emailCC" name="emailCC" type="string"/>
    <property column="emailSubjectPattern" name="emailSubjectPattern" type="string"/>
    <property column="emailBody" name="emailBody" type="string"/>
    <property column="emailAttachment" name="emailAttachment" type="string"/>
    <property column="dataSource" name="dataSource" type="string"/>
    <property column="flgCalendar" name="flgCalendar" type="string"/>
    <property column="flgSchTimer" name="schTimerProfile" type="string"/>
        <property column="parentCode" name="parentCode" type="string"/>
  </class>
    <query name="DataPooling#getReportJp">
		<![CDATA[
			SELECT a FROM FixSchedulerXtract a
			WHERE (SELECT datProcess FROM FcrBaBankMast WHERE compositeId.flgMntStatus = 'A') BETWEEN a.dtEffStart AND a.dtEffEnd
				AND a.flgStatus = NVL(:pflagStatus, a.flgStatus)
				AND a.parentCode LIKE :pidScheduler
		]]>
    </query>
    <query name="DataPooling#getQxtract">
		<![CDATA[
			SELECT b FROM FixSchedulerXtract a, FixQXtract b
			WHERE (SELECT datProcess FROM FcrBaBankMast WHERE compositeId.flgMntStatus = 'A') BETWEEN a.dtEffStart AND a.dtEffEnd
				AND a.flgStatus = NVL(:pflagStatus, a.flgStatus)
				AND a.parentCode LIKE :pidScheduler
                                AND b.idScheduler = a.fixSchedulerPK.idScheduler
                                AND (b.flgProcess = 'D' OR b.flgProcess = 'E')
                                AND b.param6 = :pIdBatch
		]]>
    </query>
</hibernate-mapping>
