<?xml version="1.0" encoding="UTF-8"?>
<!DOCTYPE hibernate-mapping PUBLIC "-//Hibernate/Hibernate Mapping DTD 3.0//EN" "classpath://org/hibernate/hibernate-mapping-3.0.dtd">
<hibernate-mapping>
	<!-- Model -->
	<class lazy="false" name="bdsm.scheduler.model.FixSchedulerImport" table="FIXSCHEDULERIMPORT">
		<composite-id class="bdsm.scheduler.model.FixSchedulerPK" name="fixSchedulerPK">
			<key-property column="idTemplate" name="idTemplate" type="integer" />
			<key-property column="idScheduler" name="idScheduler" type="integer" />
			<key-property column="namScheduler" name="namScheduler" type="string" />
		</composite-id>
		<property column="flgStatus" name="flgStatus" type="string" />
		<property column="dtEffStart" name="dtEffStart" type="timestamp" />
		<property column="dtEffEnd" name="dtEffEnd" type="timestamp" />
		<property column="filePattern" name="filePattern" type="string" />
		<property column="flgEncrypt" name="flgEncrypt" type="string" />
		<property column="modDecrypt" name="modDecrypt" type="string" />
		<property column="keyDecrypt" name="keyDecrypt" type="string" />
		<property column="flgFCRPMcutoff" name="flgFCRPMcutoff" type="string" />
		<property column="spvAuth" name="spvAuth" type="string" />
		<property column="flg" name="flg" type="string" />
		<property column="FILE_EXT" name="fileExtension" type="string" />
	</class>
	
	<!-- Query -->
	<query name="fixSchedulerImport#getByFlagStatusAndFilePattern">
		<![CDATA[
			SELECT a FROM FixSchedulerImport a
			WHERE (SELECT datProcess FROM FcrBaBankMast WHERE compositeId.flgMntStatus = 'A') BETWEEN a.dtEffStart AND a.dtEffEnd
				AND a.flgStatus = NVL(:flagStatus, a.flgStatus) 
				AND a.filePattern LIKE :pattern
		]]>
	</query>
	 <query name="fixSchedulerImport#getByIdScheduler">
		<![CDATA[
			SELECT a FROM FixSchedulerImport a
			WHERE (SELECT datProcess FROM FcrBaBankMast WHERE compositeId.flgMntStatus = 'A') BETWEEN a.dtEffStart AND a.dtEffEnd
				AND a.flgStatus = NVL(:flagStatus, a.flgStatus)
				AND a.fixSchedulerPK.idScheduler = :pidScheduler
		]]>
	</query>
</hibernate-mapping>
