<?xml version="1.0" encoding="UTF-8"?>
<!DOCTYPE hibernate-mapping PUBLIC 
	"-//Hibernate/Hibernate Mapping DTD 3.0//EN" 
	"http://hibernate.sourceforge.net/hibernate-mapping-3.0.dtd">
	
<hibernate-mapping>
	<class name="bdsm.scheduler.model.TmpKabTierParam" table="TMP_KAB_TIER_PARAM" lazy="false">
		<composite-id name="compositeId" class="bdsm.scheduler.model.TmpKabTierParamPK">
			<key-property name="batchNo"      column="BATCHNO"        type="string" />
			<key-property name="currency"     column="CCY"            type="string" />
			<key-property name="lendingRate"  column="LENDING_RATE"   type="double" />
		</composite-id>
		
		<property name="kabLdr1"              column="KAB_LDR_1"      type="double" />
		<property name="kabLdr2"              column="KAB_LDR_2"      type="double" />
		<property name="kabLdr3"              column="KAB_LDR_3"      type="double" />
		<property name="kabLdr4"              column="KAB_LDR_4"      type="double" />
		<property name="kabLdr5"              column="KAB_LDR_5"      type="double" />
		<property name="effDate"              column="EFF_DATE"       type="date" />
		<property name="command"              column="CMD"            type="string" />
		<property name="flagStatus"           column="FLG_STATUS"     type="string" />
		<property name="statusReason"         column="STATUS_REASON"  type="string" />
		<property name="idCreatedBy"          column="IDCREATEDBY"    type="string" />
		<property name="idCreatedSpv"         column="IDCREATEDSPV"   type="string" />
		<property name="dtmCreated"           column="DTMCREATED"     type="timestamp" />
		<property name="dtmCreatedSpv"        column="DTMCREATEDSPV"  type="timestamp" />
		<property name="idUpdatedBy"          column="IDUPDATEDBY"    type="string" />
		<property name="idUpdatedSpv"         column="IDUPDATEDSPV"   type="string" />
		<property name="dtmUpdated"           column="DTMUPDATED"     type="timestamp" />
		<property name="dtmUpdatedSpv"        column="DTMUPDATEDSPV"  type="timestamp" />
	</class>
</hibernate-mapping>