<?xml version="1.0" encoding="UTF-8"?>
<!DOCTYPE hibernate-mapping PUBLIC "-//Hibernate/Hibernate Mapping DTD 3.0//EN" "http://hibernate.sourceforge.net/hibernate-mapping-3.0.dtd">
<hibernate-mapping>
  <class lazy="false" name="bdsm.scheduler.model.TmpMaintenanceCifCim09" table="TMP_MAINTENANCECIF_CIM09">
    <composite-id class="bdsm.scheduler.model.TmpMaintenanceCifCim09PK" name="compositeId">
      <key-property column="BATCHID" name="batchiId" type="string"/>
      <key-property column="RECORD_ID" name="recordId" type="integer"/>
      <key-property column="COD_CUST_ID" name="cif" type="integer"/>
    </composite-id>
    
    <property column="TXT_CUST_PREFIX" name="salutation" type="string"/>
    <property column="COD_INCOME_CAT" name="incomeTaxNo" type="string"/>
    <property column="COD_EMPLOYEE_ID" name="employeeId" type="string"/>
    <property column="COD_VERIFIED_REASON" name="reasonVerifed" type="integer"/>
    <property column="REF_CUST_TELEX" name="telexMA" type="string"/>
    <property column="REF_CUST_FAX" name="faxNoMA" type="string"/>
    <property column="REF_CUST_EMAIL" name="emailInternetRA" type="string"/>
    <property column="TXT_MOB_EMAIL_ADD" name="emailMobileRA" type="string"/>
    <property column="COD_CUST_STAT" name="statusIC" type="string"/>
    <property column="COD_SIGN_TYP" name="signTypIC" type="string"/>
    <property column="TXT_ETHNIC_ORIGIN" name="ethnicIC" type="string"/>
    <property column="TXT_LGL_RSDNC_STAT" name="countryResidenIC" type="string"/>
    <property column="TXT_CUST_SEX" name="sexIC" type="string"/>
    <property column="TXT_PROFESS_CAT" name="profesCodeIC" type="integer"/>
    <property column="COD_CUST_INTRODUCER_ID" name="srcCrteriaIC" type="integer"/>
    <property column="TXT_CUST_DESGN" name="designationIC" type="string"/>
    <property column="DAT_BIRTH_CUST" name="dobIC" type="date"/>
    <property column="TXT_CUST_NATNLTY" name="nationalityIC" type="string"/>
    <property column="TXT_CUST_EDUCN" name="educationIC" type="string"/>
    <property column="COD_CUST_MARSTAT" name="maritalStatus" type="integer"/>
    <property column="CTR_CUST_SPOUSES" name="noOfSpouseIC" type="integer"/>
    <property column="COD_BUSINESS_CAT" name="businesTypeCC" type="integer"/>
    <property column="TXT_BUSINESS_TYP" name="typCompanyCC" type="string"/>
    <property column="DAT_INCORPORATED" name="datRegisteredCC" type="date"/>
    <property column="COD_BUSINESS_REGNO" name="registrationNoCC" type="string"/>
    <property column="NAM_SIGNATORY1" name="signatoresName1CC" type="string"/>
    <property column="NAM_SIGNATORY2" name="signatoresName2CC" type="string"/>
    <property column="NAM_SIGNATORY3" name="signatoresName3CC" type="string"/>
    <property column="NAM_SIGNATORY4" name="signatoresName4CC" type="string"/>
    <property column="NAM_SIGNATORY5" name="signatoresName5CC" type="string"/>
    <property column="TXT_DESGN_SIGNTRY1" name="signatoresDesignation1CC" type="string"/>
    <property column="TXT_DESGN_SIGNTRY2" name="signatoresDesignation2CC" type="string"/>
    <property column="TXT_DESGN_SIGNTRY3" name="signatoresDesignation3CC" type="string"/>
    <property column="TXT_DESGN_SIGNTRY4" name="signatoresDesignation4CC" type="string"/>
    <property column="TXT_DESGN_SIGNTRY5" name="signatoresDesignation5CC" type="string"/>
    <property column="NAM_DIRECTOR1" name="dirPartner1CC" type="string"/>
    <property column="NAM_DIRECTOR2" name="dirPartner2CC" type="string"/>
    <property column="NAM_DIRECTOR3" name="dirPartner3CC" type="string"/>
    <property column="NAM_DIRECTOR4" name="dirPartner4CC" type="string"/>
    <property column="NAM_DIRECTOR5" name="dirPartner5CC" type="string"/>
    <property column="FLG_STATUS" name="flgStatus" type="string"/>
    <property column="STATUS_REASON" name="statusReason" type="string"/>
    <property column="COD_LAST_MNT_MAKERID" name="codLastMntMakerid" type="string"/>
    <property column="COD_LAST_MNT_CHKRID" name="codLastMntChkrid" type="string"/>
    <property column="DAT_LAST_MNT" name="datLastMnt" type="timestamp"/>
    
    
    
    
   
    
  </class>
</hibernate-mapping>
