<?xml version="1.0" encoding="UTF-8"?>
<!DOCTYPE hibernate-mapping PUBLIC
	"-//Hibernate/Hibernate Mapping DTD 3.0//EN"
	"http://hibernate.sourceforge.net/hibernate-mapping-3.0.dtd">

<hibernate-mapping>
	<class name="bdsm.scheduler.model.TmpMpProdGL" table="TMP_MP_PROD_GL" lazy="false">
		<composite-id name="compositeId" class="bdsm.scheduler.model.TmpMpPK">
			<key-property name="recordId" column="RECORDID" type="integer" />
			<key-property name="batchNo"  column="BATCHNO"  type="string" />
		</composite-id>
		
		<property name="codProd"       column="COD_PROD"      type="integer" />
		<property name="codComp"       column="COD_COMP"      type="integer" />
		<property name="codBranch"     column="COD_BRANCH"    type="integer" />
		<property name="codLob"        column="COD_LOB"       type="integer" />
		<property name="codGl"         column="COD_GL"        type="string" />
		<property name="glProduct"     column="GL_PRODUCT"    type="string" />
		<property name="flagStatus"    column="FLAG_STATUS"   type="string" />
		<property name="statusReason"  column="STATUS_REASON" type="string" />
		<property name="cmd"           column="CMD"           type="string" />
		<property name="idCreatedBy"   column="IDCREATEDBY"   type="string" />
		<property name="dtmCreated"    column="DTMCREATEDBY"  type="timestamp" />
		<property name="idCreatedSpv"  column="IDCREATEDSPV"  type="string" />
		<property name="dtmCreatedSpv" column="DTMCREATEDSPV" type="timestamp" />
	</class> 
</hibernate-mapping>
