<?xml version="1.0" encoding="UTF-8"?>

<!DOCTYPE hibernate-mapping PUBLIC
  "-//Hibernate/Hibernate Mapping DTD 3.0//EN"
  "http://hibernate.sourceforge.net/hibernate-mapping-3.0.dtd">

<hibernate-mapping>
<class name="bdsm.scheduler.model.TmpMoveCustomers" table="TMP_MOVE_CUSTOMERS" lazy="false">
        <id       name="id"        column="ID"        type="integer" >
            <generator class="increment"/>
        </id>      
        <property name="batchNo"    column="BATCHNO"    type="string"  />        
        <property name="codCustId"  column="COD_CUST_ID"  type="integer"/>
        <property name="codCurBrn"    column="COD_CUR_BRN"    type="integer"  />         
        <property name="codXferBrn"    column="COD_XFER_BRN"    type="integer"  />        
        <property name="flagStatus"  column="FLAG_STATUS"  type="string"/>    
        <property name="idCreatedBy"  column="IDCREATEDBY"  type="string"/>
        <property name="dtmCreated"    column="DTMCREATEDBY"    type="timestamp"  /> 
        <property name="idCreatedSpv"  column="IDCREATEDSPV"  type="string"/>
        <property name="dtmCreatedSpv"    column="DTMCREATEDSPV"    type="timestamp"  />                
        <property name="statusReason"  column="STATUS_REASON"  type="string"/>
        <property name="moveCard"  column="MOVE_CARD"  type="string"/>
        
 </class> 
</hibernate-mapping>
