<?xml version="1.0" encoding="UTF-8"?>
<!DOCTYPE hibernate-mapping PUBLIC "-//Hibernate/Hibernate Mapping DTD 3.0//EN" "http://hibernate.sourceforge.net/hibernate-mapping-3.0.dtd">
<hibernate-mapping>
    <class lazy="false" name="bdsm.scheduler.model.TmpMaintenanceCim17Company" table="TMP_CIM17_COMPANY">
        <composite-id class="bdsm.scheduler.model.TmpMaintenanceCim17CompanyPK" name="compositeId">
            <key-property column="BATCHNO" name="batchiId" type="string"/>
            <key-property column="RECORDID" name="recordId" type="integer"/>
            <key-property column="COD_CUST_ID" name="cif" type="integer"/>
        </composite-id>
    
        <property column="typ_company" name="typeOfCompany" type="string"/>
        <property column="nam_place_incorp" name="placeInCorp" type="string"/>
        <property column="NAM_PARENT_COMPANY" name="parentCompany" type="string"/>
        <property column="ctr_partners_directors" name="noOfPartners" type="integer"/>
        <property column="nam_apex_company" name="apexHoldCompany" type="string"/>
        <property column="nam_contact_person" name="contactPerson" type="string"/>
        <property column="txt_desgn_contact_persn" name="contactPersonDesgn" type="string"/>
        <property column="IDCREATEDBY"     name="idCreatedBy"  type="string"/>
        <property column="DTMCREATEDBY"    name="dtmCreated"   type="timestamp"  /> 
        <property column="IDCREATEDSPV"    name="idCreatedSpv" type="string"/>
        <property column="DTMCREATEDSPV"   name="dtmCreatedSpv" type="timestamp"  />
        <property column="FLAG_STATUS"     name="flagStatus"   type="string"/>
        <property column="STATUS_REASON"   name="statusReason" type="string"/>
    
    
    
   
    
    </class>
</hibernate-mapping>
