<?xml version="1.0" encoding="UTF-8"?>

<!DOCTYPE hibernate-mapping PUBLIC
  "-//Hibernate/Hibernate Mapping DTD 3.0//EN"
  "http://hibernate.sourceforge.net/hibernate-mapping-3.0.dtd">

<hibernate-mapping>
    <class name="bdsm.scheduler.model.TmpMpFeeMDR" table="tmp_mp_fee_mdr" lazy="false">
        <composite-id class="bdsm.scheduler.model.TmpMpFeeMDRPK" name="compositeId">
            <key-property name="recordId"   column="RECORDID"  type="integer"/>
            <key-property name="batchNo"    column="BATCHNO"   type="string"/>
            <key-property name="noAccount"  column="NO_ACCOUNT"  type="string"/>
        </composite-id>  
        <property name="datUpload"       column="DAT_UPLOAD"  type="date"/>    
        <property name="period"          column="PERIOD"  type="integer"/>    
        <property name="maxLimitAmount"  column="MAX_LIMIT_AMOUNT"  type="big_decimal"/>    
        <property name="flagStatus"      column="FLAG_STATUS"  type="string"/>    
        <property name="statusReason"    column="STATUS_REASON"  type="string"/>
        <property name="idCreatedBy"     column="IDCREATEDBY"  type="string"/>
        <property name="dtmCreated"      column="DTMCREATEDBY"    type="timestamp"  /> 
        <property name="idCreatedSpv"    column="IDCREATEDSPV"  type="string"/>
        <property name="dtmCreatedSpv"   column="DTMCREATEDSPV"    type="timestamp"  />                
        
        
    </class> 
</hibernate-mapping>
