<?xml version="1.0" encoding="UTF-8"?>
<!DOCTYPE hibernate-mapping PUBLIC "-//Hibernate/Hibernate Mapping DTD 3.0//EN" "http://hibernate.sourceforge.net/hibernate-mapping-3.0.dtd">
<hibernate-mapping>
  <class lazy="false" name="bdsm.scheduler.model.TmpStRoutingBranch" table="TMP_ST_ROUTING_BRANCH">
    <composite-id class="bdsm.scheduler.model.TmpStRoutingBranchPK" name="compositeId">
      <key-property column="BATCH_NO" name="batchNo" type="string"/>
      <key-property column="RECORD_ID" name="recordId" type="integer"/>
      <key-property column="COD_BANK" name="codBank" type="integer"/>
    </composite-id>
    <property column="COD_CC_BRN" name="codCcBrn" type="integer"/>
    <property column="NAM_BRANCH" name="namBranch" type="string"/>
    <property column="COD_SECTOR" name="codSector" type="integer"/>
    <property column="FLG_MNT_STATUS" name="flgMntStatus" type="string"/>
    <property column="COD_MNT_ACTION" name="codMntAction" type="string"/>
    <property column="COD_ENTITY_VPD" name="codEntityVpd" type="integer"/>
    <property column="CTR_UPDAT_SRL_NO" name="ctrUpdatSrlno" type="integer"/>
    <property column="FLG_INTERCITY_CLG" name="flgIntercityClg" type="string"/>
    <property column="CMD" name="cmd" type="string"/>
    <property column="FLG_STATUS" name="flgstatus" type="string"/>
    <property column="cod_last_mnt_makerid" name="codLastMntMakerid" type="string"/>
     
  </class>
</hibernate-mapping>
