<?xml version="1.0" encoding="UTF-8"?>
<!DOCTYPE hibernate-mapping 
		PUBLIC "-//Hibernate/Hibernate Mapping DTD 3.0//EN" 
		"http://hibernate.sourceforge.net/hibernate-mapping-3.0.dtd">

<hibernate-mapping>
	<class name="bdsm.scheduler.model.TmpSknngInOutCreditHeader" table="TMP_SKNNG_IN_OUT_CREDIT_HEADER" lazy="false">
		<composite-id name="compositeId" class="bdsm.scheduler.model.TmpSknngInoutHFPK">
			<key-property name="batchNo" column="BATCH_NO" type="string" />
			<key-property name="parentRecordId" column="PARENT_RECORD_ID" type="integer" />
		</composite-id>
		
		<property name="tipeRecord" column="TIPE_RECORD" type="string" />
		<property name="kodeDKE" column="KODE_DKE" type="string" />
		<property name="batchId" column="BATCH_ID" type="string" />
		<property name="jamTanggalMessage" column="JAM_TANGGAL_MESSAGE" type="string" />
		<property name="jumlahRecords" column="JUMLAH_RECORDS" type="string" />
		<property name="totalNominal" column="TOTAL_NOMINAL" type="string" />
		<property name="tanggalBatch" column="TANGGAL_BATCH" type="string" />
		<property name="jenisSetelmen" column="JENIS_SETELMEN" type="string" />
		<property name="identitasPesertaPengirim" column="IDENTITAS_PESERTA_PENGIRIM" type="string" />
		<property name="sandiKotaPengirim" column="SANDI_KOTA_PENGIRIM" type="string" />
		<property name="type" column="TYPE" type="string" />
		<property name="extractStatus" column="EXTRACT_STATUS" type="string" />
		<property name="message" column="MESSAGE" type="string" />
		<property name="idCreatedBy" column="ID_CREATED_BY" type="string" />
		<property name="idCreatedSpv" column="ID_CREATED_SPV" type="string" />
		<property name="dtmCreated" column="DTM_CREATED" type="timestamp" />
		<property name="dtmCreatedSpv" column="DTM_CREATED_SPV" type="timestamp" />
		<property name="idUpdatedBy" column="ID_UPDATED_BY" type="string" />
		<property name="idUpdatedSpv" column="ID_UPDATED_SPV" type="string" />
		<property name="dtmUpdated" column="DTM_UPDATED" type="timestamp" />
		<property name="dtmUpdatedSpv" column="DTM_UPDATED_SPV" type="timestamp" />
		<property name="flgReject" column="FLG_REJECT" type="string" />
	</class>


	<query name="TmpSknngInOutCreditHeader#listByBatchNoGrid">
		<![CDATA[
			SELECT l.fcrFileName, s, f
			  FROM TmpSknngInOutCreditHeader s, FixLog l, TmpSknngInOutCreditHeader f
			 WHERE l.fixLogPK.fileName LIKE CONCAT ('%', s.compositeId.batchNo, '%')
			   AND s.compositeId.batchNo  = f.compositeId.batchNo
			   AND s.compositeId.parentRecordId = f.compositeId.parentRecordId  
			   AND s.compositeId.batchNo  = :pBatchNo
			 ORDER BY s.compositeId.parentRecordId
		 ]]>
	</query>

	<query name="TmpSknngInOutCreditHeader#listByBatchApproval">
		<![CDATA[
			SELECT l.fcrFileName, s, f
			  FROM TmpSknngInOutCreditHeader s,FixLog l, TmpSknngInOutCreditHeader f
			 WHERE l.fixLogPK.fileName LIKE CONCAT ('%', s.compositeId.batchNo, '%')
			   AND s.compositeId.batchNo  = f.compositeId.batchNo
			   AND s.compositeId.parentRecordId = f.compositeId.parentRecordId  
			   AND s.compositeId.batchNo  = :pBatchNo
			   AND s.extractStatus = :pXtract
			   AND s.flgReject = :pFlag
			 ORDER BY s.compositeId.parentRecordId
		]]>
	</query>
	
	<query name="TmpSknngInOutCreditHeader#listBy_Tanggal_IdPeserta_Kota_BatchId">
		<![CDATA[
			 FROM TmpSknngInOutCreditHeader 
			WHERE tanggalBatch             = :tanggalBatch
			  AND identitasPesertaPengirim = :identitasPesertaPengirim
			  AND sandiKotaPengirim        = :sandiKotaPengirim
			  AND batchId                  = :batchId
			  AND flgReject                = 'F' 
		]]>
	</query>
</hibernate-mapping>
