<?xml version="1.0" encoding="UTF-8"?>
<!DOCTYPE hibernate-mapping 
		PUBLIC "-//Hibernate/Hibernate Mapping DTD 3.0//EN" 
		"http://hibernate.sourceforge.net/hibernate-mapping-3.0.dtd">
		
<hibernate-mapping>
	<class name="bdsm.scheduler.model.TmpSknngInOutCreditDetail" table="TMP_SKNNG_IN_OUT_CREDIT_DETAIL" lazy="false">
		<composite-id name="compositeId" class="bdsm.scheduler.model.TmpSknngInOutCreditPK">
			<key-property name="batchNo"         column="BATCH_NO"          type="string" />
			<key-property name="recordId"        column="RECORD_ID"         type="integer" />
			<key-property name="parentRecordId"  column="PARENT_RECORD_ID"  type="integer" />
			<key-property name="recordbyParent"  column="RECORDIDBYPARENT"  type="integer" />
		</composite-id>
		
		<property name="tipeRecord"                       column="TIPE_RECORD"                 type="string" />
		<property name="kodeDKE"                          column="KODE_DKE"                    type="string" />
		
		<property name="identitasPesertaPengirimAsal"     column="IDENTITAS_PESERTA_PENGIRIM"  type="string" />
		<property name="sandiKotaAsal"                    column="SANDI_KOTA_ASAL"             type="string" />
		<property name="senderName"                       column="NAMA_PENGIRIM"               type="string" />
		<property name="sourceAccount"                    column="NO_REK_PENGIRIM"             type="string" />
		<property name="alamatNasabahPengirim"            column="ALAMAT_PENGIRIM"             type="string" />
		<property name="jenisNasabahPengirim"             column="JENIS_PENGIRIM"              type="string" />
		<property name="statusPendudukNasabahPengirim"    column="STATUS_PENDUDUK_PENGIRIM"    type="string" />
		<property name="identitasNasabahPengirim"         column="IDENTITAS_PENGIRIM"          type="string" />
		<property name="identitasPesertaPenerimaPenerus"  column="IDENTITAS_PENERUS"           type="string" />
		<property name="identitasPesertaPenerimaAkhir"    column="IDENTITAS_PENERIMA_AKHIR"    type="string" />
		<property name="sandiKotaTujuan"                  column="SANDI_KOTA_TUJUAN"           type="string" />
		<property name="namaNasabahPenerima"              column="NAMA_PENERIMA"               type="string" />
		<property name="destinationAccount"               column="NO_REK_PENERIMA"             type="string" />
		<property name="alamatNasabahPenerima"            column="ALAMAT_PENERIMA"             type="string" />
		<property name="jenisNasabahPenerima"             column="JENIS_PENERIMA"              type="string" /> 
		<property name="statusPendudukNasabahPenerima"    column="STATUS_PENDUDUK_PENERIMA"    type="string" />
		<property name="identitasNasabahPenerima"         column="IDENTITAS_PENERIMA"          type="string" />
		<property name="jenisTransaksi"                   column="JENIS_TRANSAKSI"             type="string" />
		<property name="jenisSaranaTransaksi"             column="JENIS_SARANA_TRANSAKSI"      type="string" />
		<property name="nominal"                          column="NOMINAL_TRANSAKSI"           type="string" />
		<property name="nomorUrut"                        column="NOMOR_URUT"                  type="string" /> 
		<property name="nomorReferensi"                   column="NOMOR_REFERENSI"             type="string" />
		<property name="nomorReferensiTrasaksiAsal"       column="NOMOR_REFERENSI_ASAL"        type="string" />
		<property name="bebanBiaya"                       column="BEBAN_BIAYA"                 type="string" />
		<property name="sor"                              column="SOR"                         type="string" />
		<property name="SORToFCR"                         column="SOR_TO_FCR"                  type="string" />
		<property name="type"                             column="TYPE"                        type="string" />
		<property name="extractStatus"                    column="EXTRACT_STATUS"              type="string" /> 
		<property name="message"                          column="MESSAGE"                     type="string" />
		<property name="flgAuth"                          column="FLG_AUTH"                    type="string" />
		<property name="idCreatedBy"                      column="ID_CREATED_BY"               type="string" />
		<property name="idCreatedSpv"                     column="ID_CREATED_SPV"              type="string" />
		<property name="dtmCreated"                       column="DTM_CREATED"                 type="timestamp" />
		<property name="dtmCreatedSpv"                    column="DTM_CREATED_SPV"             type="timestamp" />
		<property name="idUpdatedBy"                      column="ID_UPDATED_BY"               type="string" />
		<property name="idUpdatedSpv"                     column="ID_UPDATED_SPV"              type="string" />
		<property name="dtmUpdated"                       column="DTM_UPDATED"                 type="timestamp" />
		<property name="dtmUpdatedSpv"                    column="DTM_UPDATED_SPV"             type="timestamp" />
		<property name="keterangan"                       column="KETERANGAN"                  type="string" />
	</class>
</hibernate-mapping>
