<?xml version="1.0" encoding="UTF-8"?>
<!DOCTYPE hibernate-mapping PUBLIC "-//Hibernate/Hibernate Mapping DTD 3.0//EN" "http://hibernate.sourceforge.net/hibernate-mapping-3.0.dtd">
<hibernate-mapping>
    <class  name="bdsm.scheduler.model.UajTmpSrc" table="uaj_tmp_src" lazy="false">
        <id       name="id"        column="id"        type="int" >
            <generator class="increment"/>
        </id>
        <property name="DealerNo"  column="DEALER_NO"  type="string"/>
        <property name="AajiCert"  column="AAJI_CERT"  type="string"/>
        <property name="Nip"  column="NIP"  type="string"/>
        <property name="Status"  column="STATUS"  type="string"/>
        <property name="CertType"  column="TYP_CERT"  type="string"/>
        <property name="CertExpiryDate"  column="CERTEXPIRYDATE"  type="date"/>
        <property name="NoBatch"  column="NOBATCH"  type="string"/>
        <property name="FlgStatus"  column="FLGSTATUS"  type="string"/>
        <property name="StatusReason"  column="STATUSREASON"  type="string"/>
    </class>
</hibernate-mapping>