<?xml version="1.0" encoding="UTF-8"?>
<!DOCTYPE hibernate-mapping PUBLIC "-//Hibernate/Hibernate Mapping DTD 3.0//EN" "http://hibernate.sourceforge.net/hibernate-mapping-3.0.dtd">
<hibernate-mapping>
  <class lazy="false" name="bdsm.scheduler.model.UdfRrmTmpSrc" table="RRM_TMP_SRC_UDF">
    <id column="Id" name="id" type="integer">
      <generator class="increment"/>
    </id>
    <property column="CODCUSTID" name="codCustId" type="string"/>
    <property column="CODFIELDTAG" name="codFieldTag" type="string"/>
    <property column="CODTASK" name="codTask" type="string"/>
    <property column="FIELDVALUE" name="fieldValue" type="string"/>
    <property column="OLDVALUE" name="oldValue" type="string"/>
    <property column="CMD" name="cmd" type="string"/>
    <property column="FLGSTATUS" name="flgStatus" type="string"/>
    <property column="STATUSREASON" name="statusReason" type="string"/>
    <property column="NOBATCH" name="noBatch" type="string"/>
	<property column="FLAGCOD" name="flagCod" type="string"/>

  </class>
</hibernate-mapping>
